,MAE,MSE,R2 Score
Linear Regression,112342.42210604674,16957780422.205927,-0.006806037460666214
Decision Tree,148055.999,33079860109.773,-0.9639954078696158
Random Forest,114757.95319,18041851250.591602,-0.07116876818835327
Support Vector Machine,112445.80480979363,16996162881.219868,-0.009084855236677791
